Link_Text,Link_URL
,https://www.okezone.com/
News,https://news.okezone.com/
Finance,https://economy.okezone.com/
Lifestyle,https://lifestyle.okezone.com/
Celebrity,https://celebrity.okezone.com/
Bola,https://bola.okezone.com/
Sports,https://sports.okezone.com/
Travel,https://travel.okezone.com/
Highend,https://highend-magazine.okezone.com/
Muslim,https://muslim.okezone.com/
Haji,https://haji.okezone.com/
Edukasi,https://edukasi.okezone.com/
Health,https://health.okezone.com/
Techno,https://techno.okezone.com/
Otomotif,https://otomotif.okezone.com/
Infografis,https://infografis.okezone.com/
Foto,https://foto.okezone.com/
Video,https://video.okezone.com/
Indeks,http://index.okezone.com/
OKEZONE TV,http://tv.okezone.com/
OKEZONE RADIO,http://tv.okezone.com/radio/jakarta
Booking Hotel,http://www.misteraladin.com/
Asuransi Kendaraan,http://www.mnc-insurance.com
"

												Facebook
											",https://www.facebook.com/OkezoneCom/
"

												Twitter
											",https://twitter.com/okezonenews
"

												Google +
											",https://plus.google.com/u/0/+okezone
"

												Instagram
											",https://www.instagram.com/okezonecom/
,https://www.okezone.com/
News,https://news.okezone.com/
Finance,https://economy.okezone.com/
Lifestyle,https://lifestyle.okezone.com/
Celebrity,https://celebrity.okezone.com/
Bola,https://bola.okezone.com/
Sports,https://sports.okezone.com/
Travel,https://travel.okezone.com/
Highend,https://highend-magazine.okezone.com/
Muslim,https://muslim.okezone.com/
Haji,https://haji.okezone.com/
Edukasi,https://edukasi.okezone.com/
Health,https://health.okezone.com/
Techno,https://techno.okezone.com/
Otomotif,https://otomotif.okezone.com/
Infografis,https://infografis.okezone.com/
Foto,https://foto.okezone.com/
Video,https://video.okezone.com/
Indeks,http://index.okezone.com/
home,https://sports.okezone.com/
f1,https://sports.okezone.com/f1
moto gp,https://sports.okezone.com/motogp
netting,https://sports.okezone.com/netting
basket,https://sports.okezone.com/basket
sport lain,https://sports.okezone.com/sportlain
foto,https://sports.okezone.com/foto
video,https://sports.okezone.com/video
indeks,https://sports.okezone.com/indeks
"

sports.okezone.com


",https://sports.okezone.com/
home,https://sports.okezone.com/
f1,https://sports.okezone.com/f1
moto gp,https://sports.okezone.com/motogp
netting,https://sports.okezone.com/netting
basket,https://sports.okezone.com/basket
sport lain,https://sports.okezone.com/sportlain
foto,https://sports.okezone.com/foto
video,https://sports.okezone.com/video
indeks,https://sports.okezone.com/indeks
,https://sports.okezone.com/read/2024/09/10/43/3061204/ikn-ramaikan-pon-xxi-aceh-sumut-2024-kirim-12-atlet
SPORT LAIN,https://sports.okezone.com/read/2024/09/10/43/3061204/ikn-ramaikan-pon-xxi-aceh-sumut-2024-kirim-12-atlet
IKN Ramaikan PON XXI Aceh-Sumut 2024: Kirim 12 Atlet!,https://sports.okezone.com/read/2024/09/10/43/3061204/ikn-ramaikan-pon-xxi-aceh-sumut-2024-kirim-12-atlet
"Perdana, Atlet Ibu Kota Nusantara Ikuti PON XXI Aceh-Sumut 2024.",https://sports.okezone.com/read/2024/09/10/43/3061204/ikn-ramaikan-pon-xxi-aceh-sumut-2024-kirim-12-atlet
"

",https://sports.okezone.com/read/2024/09/10/40/3061070/kisah-flandy-limpele-pelatih-indonesia-yang-sukses-besar-saat-melatih-di-malaysia-dan-india
NETTING,https://sports.okezone.com/read/2024/09/10/40/3061070/kisah-flandy-limpele-pelatih-indonesia-yang-sukses-besar-saat-melatih-di-malaysia-dan-india
"Kisah Flandy Limpele, Pelatih Indonesia yang Sukses Besar saat Melatih di Malaysia dan India",https://sports.okezone.com/read/2024/09/10/40/3061070/kisah-flandy-limpele-pelatih-indonesia-yang-sukses-besar-saat-melatih-di-malaysia-dan-india
"

",https://sports.okezone.com/read/2024/09/10/43/3060979/klasemen-sementara-perolehan-medali-pon-xxi-aceh-sumut-2024-selasa-10-september-2024-pukul-12-00-wib-jawa-timur-tak-tersentuh-di-puncak-tuan-rumah-di-5-besar
SPORT LAIN,https://sports.okezone.com/read/2024/09/10/43/3060979/klasemen-sementara-perolehan-medali-pon-xxi-aceh-sumut-2024-selasa-10-september-2024-pukul-12-00-wib-jawa-timur-tak-tersentuh-di-puncak-tuan-rumah-di-5-besar
"Klasemen Sementara Perolehan Medali PON XXI Aceh-Sumut 2024, Selasa 10 September 2024 Pukul 12.00 WIB: Jawa Timur Tak Tersentuh di Puncak, Tuan Rumah di 5 Besar",https://sports.okezone.com/read/2024/09/10/43/3060979/klasemen-sementara-perolehan-medali-pon-xxi-aceh-sumut-2024-selasa-10-september-2024-pukul-12-00-wib-jawa-timur-tak-tersentuh-di-puncak-tuan-rumah-di-5-besar
"

",https://sports.okezone.com/read/2024/09/10/43/3060873/klasemen-sementara-perolehan-medali-pon-xxi-aceh-sumut-2024-selasa-10-september-2024-pukul-07-00-wib-aceh-di-posisi-3-dipepet-ketat-sumatera-utara
SPORT LAIN,https://sports.okezone.com/read/2024/09/10/43/3060873/klasemen-sementara-perolehan-medali-pon-xxi-aceh-sumut-2024-selasa-10-september-2024-pukul-07-00-wib-aceh-di-posisi-3-dipepet-ketat-sumatera-utara
"Klasemen Sementara Perolehan Medali PON XXI Aceh-Sumut 2024, Selasa 10 September 2024 Pukul 07.00 WIB: Aceh di Posisi 3, Dipepet Ketat Sumatera Utara",https://sports.okezone.com/read/2024/09/10/43/3060873/klasemen-sementara-perolehan-medali-pon-xxi-aceh-sumut-2024-selasa-10-september-2024-pukul-07-00-wib-aceh-di-posisi-3-dipepet-ketat-sumatera-utara
"

",https://sports.okezone.com/read/2024/09/09/38/3060527/ini-penyebab-marc-marquez-baru-bisa-menang-di-motogp-aragon-dan-san-marino-2024
MOTOGP,https://sports.okezone.com/read/2024/09/09/38/3060527/ini-penyebab-marc-marquez-baru-bisa-menang-di-motogp-aragon-dan-san-marino-2024
Ini Penyebab Marc Marquez Baru Bisa Menang di MotoGP Aragon dan San Marino 2024,https://sports.okezone.com/read/2024/09/09/38/3060527/ini-penyebab-marc-marquez-baru-bisa-menang-di-motogp-aragon-dan-san-marino-2024
"


",https://sports.okezone.com/read/2024/09/10/43/3060979/klasemen-sementara-perolehan-medali-pon-xxi-aceh-sumut-2024-selasa-10-september-2024-pukul-12-00-wib-jawa-timur-tak-tersentuh-di-puncak-tuan-rumah-di-5-besar?page=1
,https://sports.okezone.com/read/2024/09/10/43/3060979/klasemen-sementara-perolehan-medali-pon-xxi-aceh-sumut-2024-selasa-10-september-2024-pukul-12-00-wib-jawa-timur-tak-tersentuh-di-puncak-tuan-rumah-di-5-besar?page=1
SPORT LAIN,https://sports.okezone.com/read/2024/09/10/43/3060979/klasemen-sementara-perolehan-medali-pon-xxi-aceh-sumut-2024-selasa-10-september-2024-pukul-12-00-wib-jawa-timur-tak-tersentuh-di-puncak-tuan-rumah-di-5-besar?page=1
"
Klasemen Sementara Perolehan Medali PON XXI Aceh-Sumut 2024, Selasa 10 September 2024 Pukul 12.00 WIB: Jawa Timur Tak Tersentuh di Puncak, Tuan Rumah di 5 Besar
",https://sports.okezone.com/read/2024/09/10/43/3060979/klasemen-sementara-perolehan-medali-pon-xxi-aceh-sumut-2024-selasa-10-september-2024-pukul-12-00-wib-jawa-timur-tak-tersentuh-di-puncak-tuan-rumah-di-5-besar?page=1
"


",https://sports.okezone.com/read/2024/09/10/43/3060873/klasemen-sementara-perolehan-medali-pon-xxi-aceh-sumut-2024-selasa-10-september-2024-pukul-07-00-wib-aceh-di-posisi-3-dipepet-ketat-sumatera-utara?page=1
,https://sports.okezone.com/read/2024/09/10/43/3060873/klasemen-sementara-perolehan-medali-pon-xxi-aceh-sumut-2024-selasa-10-september-2024-pukul-07-00-wib-aceh-di-posisi-3-dipepet-ketat-sumatera-utara?page=1
SPORT LAIN,https://sports.okezone.com/read/2024/09/10/43/3060873/klasemen-sementara-perolehan-medali-pon-xxi-aceh-sumut-2024-selasa-10-september-2024-pukul-07-00-wib-aceh-di-posisi-3-dipepet-ketat-sumatera-utara?page=1
"
Klasemen Sementara Perolehan Medali PON XXI Aceh-Sumut 2024, Selasa 10 September 2024 Pukul 07.00 WIB: Aceh di Posisi 3, Dipepet Ketat Sumatera Utara
",https://sports.okezone.com/read/2024/09/10/43/3060873/klasemen-sementara-perolehan-medali-pon-xxi-aceh-sumut-2024-selasa-10-september-2024-pukul-07-00-wib-aceh-di-posisi-3-dipepet-ketat-sumatera-utara?page=1
"


",https://sports.okezone.com/read/2024/09/10/43/3061159/klasemen-sementara-perolehan-medali-pon-xxi-aceh-sumut-2024-selasa-10-september-2024-pukul-17-00-wib-jawa-timur-masih-tak-terkejar?page=1
,https://sports.okezone.com/read/2024/09/10/43/3061159/klasemen-sementara-perolehan-medali-pon-xxi-aceh-sumut-2024-selasa-10-september-2024-pukul-17-00-wib-jawa-timur-masih-tak-terkejar?page=1
SPORT LAIN,https://sports.okezone.com/read/2024/09/10/43/3061159/klasemen-sementara-perolehan-medali-pon-xxi-aceh-sumut-2024-selasa-10-september-2024-pukul-17-00-wib-jawa-timur-masih-tak-terkejar?page=1
"
Klasemen Sementara Perolehan medali PON XXI Aceh-Sumut 2024, Selasa 10 September 2024 Pukul 17.00 WIB: Jawa Timur Masih Tak Terkejar
",https://sports.okezone.com/read/2024/09/10/43/3061159/klasemen-sementara-perolehan-medali-pon-xxi-aceh-sumut-2024-selasa-10-september-2024-pukul-17-00-wib-jawa-timur-masih-tak-terkejar?page=1
"


",https://sports.okezone.com/read/2024/09/09/43/3060650/anggota-dpd-ri-2024-2029-daud-yordan-siap-tantang-manny-pacquiao-ciptakan-duel-senator?page=1
,https://sports.okezone.com/read/2024/09/09/43/3060650/anggota-dpd-ri-2024-2029-daud-yordan-siap-tantang-manny-pacquiao-ciptakan-duel-senator?page=1
SPORT LAIN,https://sports.okezone.com/read/2024/09/09/43/3060650/anggota-dpd-ri-2024-2029-daud-yordan-siap-tantang-manny-pacquiao-ciptakan-duel-senator?page=1
"
Anggota DPD RI 2024-2029 Daud Yordan Siap Tantang Manny Pacquiao, Ciptakan Duel Senator!
",https://sports.okezone.com/read/2024/09/09/43/3060650/anggota-dpd-ri-2024-2029-daud-yordan-siap-tantang-manny-pacquiao-ciptakan-duel-senator?page=1
"


",https://sports.okezone.com/read/2024/09/10/40/3060843/daftar-wakil-indonesia-di-denmark-open-2024-gregoria-mariska-hingga-jonatan-christie-siap-tempur-ganda-putri-absen-lagi?page=1
,https://sports.okezone.com/read/2024/09/10/40/3060843/daftar-wakil-indonesia-di-denmark-open-2024-gregoria-mariska-hingga-jonatan-christie-siap-tempur-ganda-putri-absen-lagi?page=1
NETTING,https://sports.okezone.com/read/2024/09/10/40/3060843/daftar-wakil-indonesia-di-denmark-open-2024-gregoria-mariska-hingga-jonatan-christie-siap-tempur-ganda-putri-absen-lagi?page=1
"
Daftar Wakil Indonesia di Denmark Open 2024: Gregoria Mariska hingga Jonatan Christie Siap Tempur, Ganda Putri Absen Lagi!
",https://sports.okezone.com/read/2024/09/10/40/3060843/daftar-wakil-indonesia-di-denmark-open-2024-gregoria-mariska-hingga-jonatan-christie-siap-tempur-ganda-putri-absen-lagi?page=1
"


",https://sports.okezone.com/read/2024/09/09/38/3060527/ini-penyebab-marc-marquez-baru-bisa-menang-di-motogp-aragon-dan-san-marino-2024?page=1
,https://sports.okezone.com/read/2024/09/09/38/3060527/ini-penyebab-marc-marquez-baru-bisa-menang-di-motogp-aragon-dan-san-marino-2024?page=1
MOTOGP,https://sports.okezone.com/read/2024/09/09/38/3060527/ini-penyebab-marc-marquez-baru-bisa-menang-di-motogp-aragon-dan-san-marino-2024?page=1
"
Ini Penyebab Marc Marquez Baru Bisa Menang di MotoGP Aragon dan San Marino 2024
",https://sports.okezone.com/read/2024/09/09/38/3060527/ini-penyebab-marc-marquez-baru-bisa-menang-di-motogp-aragon-dan-san-marino-2024?page=1
"


",https://sports.okezone.com/read/2024/09/10/43/3060956/jadwal-voli-pon-xxi-aceh-sumut-2024-diundur-1-hari-gara-gara-akses-jalan-menuju-gor-belum-kelar?page=1
,https://sports.okezone.com/read/2024/09/10/43/3060956/jadwal-voli-pon-xxi-aceh-sumut-2024-diundur-1-hari-gara-gara-akses-jalan-menuju-gor-belum-kelar?page=1
SPORT LAIN,https://sports.okezone.com/read/2024/09/10/43/3060956/jadwal-voli-pon-xxi-aceh-sumut-2024-diundur-1-hari-gara-gara-akses-jalan-menuju-gor-belum-kelar?page=1
"
Jadwal Voli PON XXI Aceh-Sumut 2024 Diundur 1 Hari, Gara-Gara Akses Jalan Menuju GOR Belum Kelar
",https://sports.okezone.com/read/2024/09/10/43/3060956/jadwal-voli-pon-xxi-aceh-sumut-2024-diundur-1-hari-gara-gara-akses-jalan-menuju-gor-belum-kelar?page=1
"


",https://sports.okezone.com/read/2024/09/10/43/3060857/daftar-jumlah-atlet-dari-39-kontingen-di-pon-xxi-aceh-sumut-2024-kirim-1-210-atlet-jawa-barat-paling-banyak?page=1
,https://sports.okezone.com/read/2024/09/10/43/3060857/daftar-jumlah-atlet-dari-39-kontingen-di-pon-xxi-aceh-sumut-2024-kirim-1-210-atlet-jawa-barat-paling-banyak?page=1
SPORT LAIN,https://sports.okezone.com/read/2024/09/10/43/3060857/daftar-jumlah-atlet-dari-39-kontingen-di-pon-xxi-aceh-sumut-2024-kirim-1-210-atlet-jawa-barat-paling-banyak?page=1
"
Daftar Jumlah Atlet dari 39 Kontingen di PON XXI Aceh-Sumut 2024: Kirim 1.210 Atlet, Jawa Barat Paling Banyak!
",https://sports.okezone.com/read/2024/09/10/43/3060857/daftar-jumlah-atlet-dari-39-kontingen-di-pon-xxi-aceh-sumut-2024-kirim-1-210-atlet-jawa-barat-paling-banyak?page=1
"


",https://sports.okezone.com/read/2024/09/10/43/3061190/bawa-pulang-14-medali-dari-paralimpiade-paris-2024-atlet-indonesia-disambut-hangat-di-tanah-air?page=1
,https://sports.okezone.com/read/2024/09/10/43/3061190/bawa-pulang-14-medali-dari-paralimpiade-paris-2024-atlet-indonesia-disambut-hangat-di-tanah-air?page=1
SPORT LAIN,https://sports.okezone.com/read/2024/09/10/43/3061190/bawa-pulang-14-medali-dari-paralimpiade-paris-2024-atlet-indonesia-disambut-hangat-di-tanah-air?page=1
"
Bawa Pulang 14 Medali dari Paralimpiade Paris 2024, Atlet Indonesia Disambut Hangat di Tanah Air
",https://sports.okezone.com/read/2024/09/10/43/3061190/bawa-pulang-14-medali-dari-paralimpiade-paris-2024-atlet-indonesia-disambut-hangat-di-tanah-air?page=1
"


",https://sports.okezone.com/read/2024/09/10/40/3061231/hasil-hong-kong-open-2024-libas-popov-bersaudara-leo-rolly-bagas-maulana-rebut-tiket-16-besar?page=1
,https://sports.okezone.com/read/2024/09/10/40/3061231/hasil-hong-kong-open-2024-libas-popov-bersaudara-leo-rolly-bagas-maulana-rebut-tiket-16-besar?page=1
NETTING,https://sports.okezone.com/read/2024/09/10/40/3061231/hasil-hong-kong-open-2024-libas-popov-bersaudara-leo-rolly-bagas-maulana-rebut-tiket-16-besar?page=1
"
Hasil Hong Kong Open 2024: Libas Popov Bersaudara, Leo Rolly/Bagas Maulana Rebut Tiket 16 Besar
",https://sports.okezone.com/read/2024/09/10/40/3061231/hasil-hong-kong-open-2024-libas-popov-bersaudara-leo-rolly-bagas-maulana-rebut-tiket-16-besar?page=1
"


",https://sports.okezone.com/read/2024/09/10/36/3061253/pon-xxi-aceh-sumut-2024-tim-basket-dki-jakarta-kawinkan-medali-emas
BASKET,https://sports.okezone.com/basket
PON XXI Aceh-Sumut 2024: Tim Basket DKI Jakarta Kawinkan Medali Emas!,https://sports.okezone.com/read/2024/09/10/36/3061253/pon-xxi-aceh-sumut-2024-tim-basket-dki-jakarta-kawinkan-medali-emas
"


",https://sports.okezone.com/read/2024/09/10/40/3061231/hasil-hong-kong-open-2024-libas-popov-bersaudara-leo-rolly-bagas-maulana-rebut-tiket-16-besar
NETTING,https://sports.okezone.com/netting
"Hasil Hong Kong Open 2024: Libas Popov Bersaudara, Leo Rolly/Bagas Maulana Rebut Tiket 16 Besar",https://sports.okezone.com/read/2024/09/10/40/3061231/hasil-hong-kong-open-2024-libas-popov-bersaudara-leo-rolly-bagas-maulana-rebut-tiket-16-besar
"




",https://video.okezone.com/play/2022/08/16/1/151970/mars-perindo-versi-terbaru-tunjukkan-keindahan-keberagaman-indonesia?ht=advbreaking-sports
VIDEO,https://sports.okezone.com/video
"Mars Perindo Versi Terbaru, Tunjukkan Keindahan & Keberagaman Indonesia",https://video.okezone.com/play/2022/08/16/1/151970/mars-perindo-versi-terbaru-tunjukkan-keindahan-keberagaman-indonesia?ht=advbreaking-sports
"




",https://video.okezone.com/play/2024/09/10/2/185000/atlet-paralimpiade-indonesia-tiba-di-tanah-air-bawa-pulang-14-medali
SPORT,https://sports.okezone.com/video
"Atlet Paralimpiade Indonesia Tiba di Tanah Air, Bawa Pulang 14 Medali",https://video.okezone.com/play/2024/09/10/2/185000/atlet-paralimpiade-indonesia-tiba-di-tanah-air-bawa-pulang-14-medali
"


",https://sports.okezone.com/read/2024/09/10/43/3061190/bawa-pulang-14-medali-dari-paralimpiade-paris-2024-atlet-indonesia-disambut-hangat-di-tanah-air
SPORT LAIN,https://sports.okezone.com/sportlain
"Bawa Pulang 14 Medali dari Paralimpiade Paris 2024, Atlet Indonesia Disambut Hangat di Tanah Air",https://sports.okezone.com/read/2024/09/10/43/3061190/bawa-pulang-14-medali-dari-paralimpiade-paris-2024-atlet-indonesia-disambut-hangat-di-tanah-air
"


",https://sports.okezone.com/read/2024/09/10/43/3061159/klasemen-sementara-perolehan-medali-pon-xxi-aceh-sumut-2024-selasa-10-september-2024-pukul-17-00-wib-jawa-timur-masih-tak-terkejar
SPORT LAIN,https://sports.okezone.com/sportlain
"Klasemen Sementara Perolehan medali PON XXI Aceh-Sumut 2024, Selasa 10 September 2024 Pukul 17.00 WIB: Jawa Timur Masih Tak Terkejar",https://sports.okezone.com/read/2024/09/10/43/3061159/klasemen-sementara-perolehan-medali-pon-xxi-aceh-sumut-2024-selasa-10-september-2024-pukul-17-00-wib-jawa-timur-masih-tak-terkejar
"


",https://sports.okezone.com/read/2024/09/10/40/3061133/hasil-hong-kong-open-2024-pulangkan-mohammad-ahsan-hendra-setiawan-sabar-karyaman-reza-pahlevi-lanjut-ke-16-besar
NETTING,https://sports.okezone.com/netting
"Hasil Hong Kong Open 2024: Pulangkan Mohammad Ahsan/Hendra Setiawan, Sabar Karyaman/Reza Pahlevi Lanjut ke 16 Besar",https://sports.okezone.com/read/2024/09/10/40/3061133/hasil-hong-kong-open-2024-pulangkan-mohammad-ahsan-hendra-setiawan-sabar-karyaman-reza-pahlevi-lanjut-ke-16-besar
"


",https://sports.okezone.com/read/2024/09/10/40/3061112/5-pelatih-top-yang-putuskan-keluar-dari-pbsi-nomor-1-tangani-bocah-ajaib-an-se-young
NETTING,https://sports.okezone.com/netting
"5 Pelatih Top yang Putuskan Keluar dari PBSI, Nomor 1 Tangani Bocah Ajaib An Se Young!",https://sports.okezone.com/read/2024/09/10/40/3061112/5-pelatih-top-yang-putuskan-keluar-dari-pbsi-nomor-1-tangani-bocah-ajaib-an-se-young
"


",https://sports.okezone.com/read/2024/09/10/40/3061020/kisah-mathias-boe-legenda-denmark-yang-sebut-mohammad-ahsan-hendra-setiawan-sebagai-pebulutangkis-terbaik-sepanjang-masa
NETTING,https://sports.okezone.com/netting
"Kisah Mathias Boe, Legenda Denmark yang Sebut Mohammad Ahsan/Hendra Setiawan sebagai Pebulutangkis Terbaik Sepanjang Masa",https://sports.okezone.com/read/2024/09/10/40/3061020/kisah-mathias-boe-legenda-denmark-yang-sebut-mohammad-ahsan-hendra-setiawan-sebagai-pebulutangkis-terbaik-sepanjang-masa
"




",https://video.okezone.com/play/2024/09/10/2/184986/ana-timi-juara-taipei-open-2024
SPORT,https://sports.okezone.com/video
Ana/Timi Juara Taipei Open 2024,https://video.okezone.com/play/2024/09/10/2/184986/ana-timi-juara-taipei-open-2024
SPORT LAIN,https://sports.okezone.com/sportlain
"Jadwal Voli PON XXI Aceh-Sumut 2024 Diundur 1 Hari, Gara-Gara Akses Jalan Menuju GOR Belum Kelar",https://sports.okezone.com/read/2024/09/10/43/3060956/jadwal-voli-pon-xxi-aceh-sumut-2024-diundur-1-hari-gara-gara-akses-jalan-menuju-gor-belum-kelar
"


",https://sports.okezone.com/read/2024/09/10/40/3060936/baru-juara-taipei-open-2024-febriana-dwipuji-amallia-cahaya-pasang-target-ini-di-hong-kong-open-2024
NETTING,https://sports.okezone.com/netting
"Baru Juara Taipei Open 2024, Febriana Dwipuji/Amallia Cahaya Pasang Target Ini di Hong Kong Open 2024",https://sports.okezone.com/read/2024/09/10/40/3060936/baru-juara-taipei-open-2024-febriana-dwipuji-amallia-cahaya-pasang-target-ini-di-hong-kong-open-2024
"


",https://sports.okezone.com/read/2024/09/10/40/3060911/lawan-anthony-ginting-berubah-di-hong-kong-open-2024-usung-misi-revans-dari-toma-junior-popov
NETTING,https://sports.okezone.com/netting
"Lawan Anthony Ginting Berubah di Hong Kong Open 2024, Usung Misi Revans dari Toma Junior Popov",https://sports.okezone.com/read/2024/09/10/40/3060911/lawan-anthony-ginting-berubah-di-hong-kong-open-2024-usung-misi-revans-dari-toma-junior-popov
"




",https://video.okezone.com/play/2024/09/10/2/184964/meriahnya-opening-ceremony-pon-xxi-aceh-sumut
SPORT,https://sports.okezone.com/video
Meriahnya Opening Ceremony PON XXI Aceh-Sumut,https://video.okezone.com/play/2024/09/10/2/184964/meriahnya-opening-ceremony-pon-xxi-aceh-sumut
"




",https://foto.okezone.com/view/2024/09/10/2/97936/pesta-kembang-api-meriahkan-pembukaan-pon-xxi-aceh-sumut-di-stadion-harapan-bangsa
SPORT,https://sports.okezone.com/foto
Pesta kembang Api Meriahkan Pembukaan PON XXI Aceh Sumut di Stadion Harapan Bangsa,https://foto.okezone.com/view/2024/09/10/2/97936/pesta-kembang-api-meriahkan-pembukaan-pon-xxi-aceh-sumut-di-stadion-harapan-bangsa
"


",https://sports.okezone.com/read/2024/09/10/36/3060895/resmi-ardima-rama-putra-ditunjuk-sebagai-plt-ketum-pp-perbasi
BASKET,https://sports.okezone.com/basket
"Resmi, Ardima Rama Putra Ditunjuk sebagai Plt Ketum PP PERBASI",https://sports.okezone.com/read/2024/09/10/36/3060895/resmi-ardima-rama-putra-ditunjuk-sebagai-plt-ketum-pp-perbasi
"




",https://foto.okezone.com/view/2024/09/10/2/97934/pesta-kembang-api-pembukaan-pon-xxi-aceh-sumut
SPORT,https://sports.okezone.com/foto
Pesta Kembang Api Pembukaan PON XXI Aceh-Sumut,https://foto.okezone.com/view/2024/09/10/2/97934/pesta-kembang-api-pembukaan-pon-xxi-aceh-sumut
"


",https://sports.okezone.com/read/2024/09/10/43/3060857/daftar-jumlah-atlet-dari-39-kontingen-di-pon-xxi-aceh-sumut-2024-kirim-1-210-atlet-jawa-barat-paling-banyak
SPORT LAIN,https://sports.okezone.com/sportlain
"Daftar Jumlah Atlet dari 39 Kontingen di PON XXI Aceh-Sumut 2024: Kirim 1.210 Atlet, Jawa Barat Paling Banyak!",https://sports.okezone.com/read/2024/09/10/43/3060857/daftar-jumlah-atlet-dari-39-kontingen-di-pon-xxi-aceh-sumut-2024-kirim-1-210-atlet-jawa-barat-paling-banyak
"


",https://sports.okezone.com/read/2024/09/10/40/3060843/daftar-wakil-indonesia-di-denmark-open-2024-gregoria-mariska-hingga-jonatan-christie-siap-tempur-ganda-putri-absen-lagi
NETTING,https://sports.okezone.com/netting
"Daftar Wakil Indonesia di Denmark Open 2024: Gregoria Mariska hingga Jonatan Christie Siap Tempur, Ganda Putri Absen Lagi!",https://sports.okezone.com/read/2024/09/10/40/3060843/daftar-wakil-indonesia-di-denmark-open-2024-gregoria-mariska-hingga-jonatan-christie-siap-tempur-ganda-putri-absen-lagi
"


",https://sports.okezone.com/read/2024/09/09/38/3060752/francesco-bagnaia-akui-kehebatan-marc-marquez-di-motogp-san-marino-2024
MOTOGP,https://sports.okezone.com/motogp
Francesco Bagnaia Akui Kehebatan Marc Marquez di MotoGP San Marino 2024,https://sports.okezone.com/read/2024/09/09/38/3060752/francesco-bagnaia-akui-kehebatan-marc-marquez-di-motogp-san-marino-2024
"


",https://sports.okezone.com/read/2024/09/09/40/3060699/kisah-satwiksairaj-rankireddy-dan-chirag-shetty-pebulu-tangkis-india-yang-mendewakan-mohammad-ahsan-hendra-setiawan
NETTING,https://sports.okezone.com/netting
"Kisah Satwiksairaj Rankireddy dan Chirag Shetty, Pebulu Tangkis India yang Mendewakan Mohammad Ahsan/Hendra Setiawan",https://sports.okezone.com/read/2024/09/09/40/3060699/kisah-satwiksairaj-rankireddy-dan-chirag-shetty-pebulu-tangkis-india-yang-mendewakan-mohammad-ahsan-hendra-setiawan
MOTOGP,https://sports.okezone.com/motogp
"Menangi MotoGP San Marino 2024, Marc Marquez: Ini Kemenangan dari Fausto Gresini!",https://sports.okezone.com/read/2024/09/09/38/3060680/menangi-motogp-san-marino-2024-marc-marquez-ini-kemenangan-dari-fausto-gresini
"

",https://sports.okezone.com/read/2024/09/09/38/3060680/menangi-motogp-san-marino-2024-marc-marquez-ini-kemenangan-dari-fausto-gresini
"


",https://sports.okezone.com/read/2024/09/09/38/3060776/penyebab-jorge-martin-tertipu-kondisi-sirkuit-di-motogp-san-marino-2024
MOTOGP,https://sports.okezone.com/motogp
Penyebab Jorge Martin Tertipu Kondisi Sirkuit di MotoGP San Marino 2024,https://sports.okezone.com/read/2024/09/09/38/3060776/penyebab-jorge-martin-tertipu-kondisi-sirkuit-di-motogp-san-marino-2024
"




",https://video.okezone.com/play/2024/09/09/2/184955/presiden-jokowi-resmi-buka-pon-xxi-aceh-sumut-2024-pegang-teguh-sportivitas
SPORT,https://sports.okezone.com/video
Presiden Jokowi Resmi Buka PON XXI Aceh-Sumut 2024: Pegang Teguh Sportivitas ,https://video.okezone.com/play/2024/09/09/2/184955/presiden-jokowi-resmi-buka-pon-xxi-aceh-sumut-2024-pegang-teguh-sportivitas
"


",https://sports.okezone.com/read/2024/09/09/43/3060803/parade-kontingen-atlet-dari-39-provinsi-meriahkan-upacara-pembukaan-pon-xxi-aceh-sumut-2024
SPORT LAIN,https://sports.okezone.com/sportlain
Parade Kontingen Atlet dari 39 Provinsi Meriahkan Upacara Pembukaan PON XXI Aceh-Sumut 2024,https://sports.okezone.com/read/2024/09/09/43/3060803/parade-kontingen-atlet-dari-39-provinsi-meriahkan-upacara-pembukaan-pon-xxi-aceh-sumut-2024
"


",https://sports.okezone.com/read/2024/09/09/43/3060746/32-provinsi-berebut-24-medali-emas-di-cabor-biliar-pon-xxi-aceh-sumut-2024
SPORT LAIN,https://sports.okezone.com/sportlain
32 Provinsi Berebut 24 Medali Emas di Cabor Biliar PON XXI Aceh-Sumut 2024,https://sports.okezone.com/read/2024/09/09/43/3060746/32-provinsi-berebut-24-medali-emas-di-cabor-biliar-pon-xxi-aceh-sumut-2024
"


",https://sports.okezone.com/read/2024/09/09/43/3060693/pb-pobsi-secara-resmi-membuka-pertandingan-cabor-biliar-pon-xxi-aceh-sumut-2024
SPORT LAIN,https://sports.okezone.com/sportlain
PB POBSI Secara Resmi Membuka Pertandingan Cabor Biliar PON XXI Aceh-Sumut 2024,https://sports.okezone.com/read/2024/09/09/43/3060693/pb-pobsi-secara-resmi-membuka-pertandingan-cabor-biliar-pon-xxi-aceh-sumut-2024
"


",https://sports.okezone.com/read/2024/09/09/43/3060660/hasil-avc-mens-club-championship-2024-jakarta-bhayangkara-presisi-hantam-kuwait-sc
SPORT LAIN,https://sports.okezone.com/sportlain
Hasil AVC Mens Club Championship 2024: Jakarta Bhayangkara Presisi Hantam Kuwait SC!,https://sports.okezone.com/read/2024/09/09/43/3060660/hasil-avc-mens-club-championship-2024-jakarta-bhayangkara-presisi-hantam-kuwait-sc
"




",https://foto.okezone.com/view/2024/09/09/2/97929/selebrasi-marc-marquez-raih-podium-kedua-bersama-tim-barunya
SPORT,https://sports.okezone.com/foto
Selebrasi Marc Marquez Raih Podium Kedua Bersama Tim Barunya,https://foto.okezone.com/view/2024/09/09/2/97929/selebrasi-marc-marquez-raih-podium-kedua-bersama-tim-barunya
"


",https://sports.okezone.com/read/2024/09/09/43/3060623/penyebab-veddriq-leonardo-gagal-raih-emas-pon-xxi-aceh-sumut-2024-nomor-nomor-speed-relay-putra
SPORT LAIN,https://sports.okezone.com/sportlain
Penyebab Veddriq Leonardo Gagal Raih Emas PON XXI Aceh-Sumut 2024 Nomor Nomor Speed Relay Putra ,https://sports.okezone.com/read/2024/09/09/43/3060623/penyebab-veddriq-leonardo-gagal-raih-emas-pon-xxi-aceh-sumut-2024-nomor-nomor-speed-relay-putra
"


",https://sports.okezone.com/read/2024/09/09/43/3060611/jangan-lewatkan-jam-8-malam-ini-kemeriahan-opening-ceremony-pon-xxi-aceh-sumut-2024-dan-saksikan-aksi-para-atlet-terbaik-indonesia-9-20-september-live-eksklusif-di-inews
SPORT LAIN,https://sports.okezone.com/sportlain
"Jangan Lewatkan Jam 8 Malam Ini Kemeriahan Opening Ceremony PON XXI Aceh-Sumut 2024, dan Saksikan  Aksi Para Atlet Terbaik Indonesia, 9-20 September, Live Eksklusif di iNews",https://sports.okezone.com/read/2024/09/09/43/3060611/jangan-lewatkan-jam-8-malam-ini-kemeriahan-opening-ceremony-pon-xxi-aceh-sumut-2024-dan-saksikan-aksi-para-atlet-terbaik-indonesia-9-20-september-live-eksklusif-di-inews
"


",https://sports.okezone.com/read/2024/09/09/43/3060594/ikut-ambil-bagian-pon-xxi-aceh-sumut-2024-kontingen-ikn-diberangkatkan-mulai-hari-ini
SPORT LAIN,https://sports.okezone.com/sportlain
"Ikut Ambil Bagian PON XXI Aceh-Sumut 2024, Kontingen IKN Diberangkatkan Mulai Hari Ini",https://sports.okezone.com/read/2024/09/09/43/3060594/ikut-ambil-bagian-pon-xxi-aceh-sumut-2024-kontingen-ikn-diberangkatkan-mulai-hari-ini
SPORT,https://sports.okezone.com/foto
Api Abadi PON Aceh-Sumut Bersumber dari Gunung Merapi Jabai,https://foto.okezone.com/view/2024/09/09/2/97925/api-abadi-pon-aceh-sumut-bersumber-dari-gunung-merapi-jabai
Berita Lainnya,https://sports.okezone.com/more/2/1725814800/33/12
News,https://news.okezone.com//
Nasional,https://nasional.okezone.com/
Megapolitan,https://megapolitan.okezone.com/
International,https://news.okezone.com//international
Nusantara,https://news.okezone.com//nusantara
Infografis,https://infografis.okezone.com/
Foto,https://news.okezone.com//foto
Video,https://news.okezone.com//video
Finance,https://economy.okezone.com//
Hot Issue,https://economy.okezone.com//hotissue
Market Update,https://economy.okezone.com//marketupdate
Smart Money,https://economy.okezone.com//smartmoney
Inspirasi Bisnis,https://economy.okezone.com//inspirasibisnis
Property,https://economy.okezone.com//property
Foto,https://economy.okezone.com//foto
Video,https://economy.okezone.com//video
Lifestyle,https://lifestyle.okezone.com//
Beauty,https://lifestyle.okezone.com//beauty
Fashion,https://lifestyle.okezone.com//fashion
Food,https://lifestyle.okezone.com//food
Health,https://lifestyle.okezone.com//health
Life,https://lifestyle.okezone.com//life
Foto,https://lifestyle.okezone.com//foto
Video,https://lifestyle.okezone.com//video
Celebrity,https://celebrity.okezone.com/
Hot Gossip,https://celebrity.okezone.com//hotgossip
Movie,https://celebrity.okezone.com//movie
Music,https://celebrity.okezone.com//musik
TV Scoop,https://celebrity.okezone.com//tvscoop
Lirik,https://lirik.okezone.com/
K-POP,https://celebrity.okezone.com//topic/33409/k-pop
Foto,https://celebrity.okezone.com//foto
Video,https://celebrity.okezone.com//video
Bola,https://bola.okezone.com/
Champions,https://bola.okezone.com//ligachampion
Inggris,https://bola.okezone.com//ligainggris
Italia,https://bola.okezone.com//ligaitalia
Spanyol,https://bola.okezone.com//ligaspanyol
Indonesia,https://bola.okezone.com//ligaindonesia
Bola Dunia,https://bola.okezone.com//boladunia
Foto,https://bola.okezone.com//foto
Video,https://bola.okezone.com//video
Sports,https://sports.okezone.com/
F1,https://sports.okezone.com//f1
Moto GP,https://sports.okezone.com//motogp
Netting,https://sports.okezone.com//netting
Basket,https://sports.okezone.com//basket
Sport Lain,https://sports.okezone.com//sportlain
Foto,https://sports.okezone.com//foto
Video,https://sports.okezone.com//video
,https://www.okezone.com/
About Us,http://management.okezone.com/
Redaksi,http://management.okezone.com/redaksi
Kotak Pos,http://management.okezone.com/pos
Karier,https://www.jobsmnc.co.id/
Info Iklan,http://client.okezone.com/advertising/
Disclaimer,http://management.okezone.com/disclaimer
,https://www.facebook.com/OkezoneCom/
,https://twitter.com/okezonenews
,https://plus.google.com/u/0/+okezone
,https://www.instagram.com/okezonecom/
,https://itunes.apple.com/id/app/okezone-com-news/id624468351?l=id&mt=8
,https://itunes.apple.com/id/app/okezone-com-news/id624468351?l=id&mt=8
,#
,https://play.google.com/store/apps/details?id=linktone.okezone.android&hl=in
,https://appworld.blackberry.com/webstore/content/10936/?lang=en
,javascript:void(0);
,javascript:void(0);
